Workbook

Sheet Foglio3
A1: Exchange Date | B1: ENEL | C1: Grenergy | D1: Iberdrola | E1: Schneider Electric | F1: Siemens Energy | G1: Vinci | H1: Heidelberg Materials | I1: Prysmian Group | J1: Hochtief | K1: ACS | L1: Bouygues | M1: Eiffage | N1: Buzzi | O1: Nexans | P1: Webuild | Q1: Bayer AG | R1: Evotec SE | S1: KION | T1: Jungheinrich | U1: LVMH | V1: RACE - Ferrari | W1: Stellantis | X1: Banca Monte dei Paschi di Siena | Y1: Unicredit | Z1: Zalando | AA1: L'oreal | AB1: Telecom | AC1: Deutsche Telekom | AD1: Essilor Luxottica | AE1: ASML Holding N.V. | AF1: SAP SE | AG1: Siemens AG | AH1: Infineon Technologies AG | AI1: Dassault Systèmes SE | AJ1: ASM International N.V | AK1: Capgemini SE | AL1: STMicroelectronics N.V.
A2: 45807 | B2: 8.085 | C2: 70.5 | D2: 15.801189 | E2: 219.7 | F2: 87.16 | G2: 127.8 | H2: 174.65 | I2: 56.6 | J2: 162.3 | K2: 57.367513 | L2: 38.45 | M2: 122.65 | N2: 45.22 | O2: 101.2 | P2: 3.59 | Q2: 25.14 | R2: 6.846 | S2: 41.5 | T2: 36.2 | U2: 477.2 | V2: 421.4 | W2: 8.965 | X2: 7.271 | Y2: 56.56 | Z2: 32.32 | AA2: 371.05 | AB2: 0.3764 | AC2: 33.06 | AD2: 245.1 | AE2: 646.2 | AF2: 264.3 | AG2: 213.65 | AH2: 33.83 | AI2: 32.13 | AJ2: 474.1 | AK2: 145.25 | AL2: 21.69
A3: 45810 | B3: 8.076 | C3: 73.3 | D3: 15.643963 | E3: 221.7 | F3: 88.92 | G3: 127.5 | H3: 172.15 | I3: 56.6 | J3: 161.7 | K3: 57.170543 | L3: 38.32 | M3: 122.4 | N3: 44.68 | O3: 100.7 | P3: 3.58 | Q3: 24.96 | R3: 7.026 | S3: 42.14 | T3: 36.58 | U3: 473.6 | V3: 416.8 | W3: 8.52 | X3: 7.286 | Y3: 56.68 | Z3: 31.08 | AA3: 374.7 | AB3: 0.3789 | AC3: 33.36 | AD3: 244.7 | AE3: 653.1 | AF3: 269.55 | AG3: 214.05 | AH3: 34.36 | AI3: 32.43 | AJ3: 487.1 | AK3: 146 | AL3: 22.425
A4: 45811 | B4: 8.067 | C4: 74.2 | D4: 15.648876 | E4: 225.05 | F4: 88.52 | G4: 127.25 | H4: 174.55 | I4: 57.58 | J4: 163.5 | K4: 56.875088 | L4: 37.93 | M4: 121.05 | N4: 44.68 | O4: 101.6 | P4: 3.578 | Q4: 25.32 | R4: 7.144 | S4: 43.48 | T4: 38.16 | U4: 476.65 | V4: 419 | W4: 8.74 | X4: 7.287 | Y4: 57.24 | Z4: 30.76 | AA4: 384.85 | AB4: 0.3763 | AC4: 33.68 | AD4: 243.9 | AE4: 652.4 | AF4: 271.3 | AG4: 218.05 | AH4: 35.805 | AI4: 32.95 | AJ4: 490 | AK4: 147.25 | AL4: 24.92
A5: 45812 | B5: 8.077 | C5: 72.4 | D5: 15.693096 | E5: 226.1 | F5: 88.44 | G5: 126.9 | H5: 180 | I5: 58.84 | J5: 167.8 | K5: 57.810695 | L5: 38.35 | M5: 122.1 | N5: 45.2 | O5: 102.8 | P5: 3.578 | Q5: 26.43 | R5: 6.994 | S5: 43.68 | T5: 38.26 | U5: 470.1 | V5: 420.8 | W5: 8.678 | X5: 7.043 | Y5: 56.55 | Z5: 30.56 | AA5: 382.25 | AB5: 0.3793 | AC5: 33.98 | AD5: 245.5 | AE5: 659 | AF5: 270.95 | AG5: 219.25 | AH5: 35.725 | AI5: 32.75 | AJ5: 495 | AK5: 147.45 | AL5: 25.19
A6: 45813 | B6: 8.013 | C6: 71.6 | D6: 15.732403 | E6: 227.65 | F6: 88.68 | G6: 126.6 | H6: 179.95 | I6: 58.28 | J6: 164.6 | K6: 56.678118 | L6: 38.08 | M6: 120 | N6: 46.48 | O6: 102.3 | P6: 3.602 | Q6: 26.435 | R6: 7.06 | S6: 44.22 | T6: 38.5 | U6: 471.25 | V6: 422 | W6: 8.585 | X6: 7.267 | Y6: 57.81 | Z6: 30.22 | AA6: 381.35 | AB6: 0.3832 | AC6: 33.83 | AD6: 248.3 | AE6: 667.6 | AF6: 272.35 | AG6: 218.8 | AH6: 35.9 | AI6: 32.34 | AJ6: 505.4 | AK6: 150.5 | AL6: 25.05
A7: 45814 | B7: 8.03 | C7: 71 | D7: 15.722576 | E7: 225.3 | F7: 86.14 | G7: 125.85 | H7: 180.45 | I7: 58.58 | J7: 164.1 | K7: 56.481148 | L7: 38.06 | M7: 119.9 | N7: 46.62 | O7: 102.4 | P7: 3.618 | Q7: 26.485 | R7: 7.158 | S7: 43.9 | T7: 38.68 | U7: 471.55 | V7: 424.7 | W7: 8.673 | X7: 7.299 | Y7: 58.2 | Z7: 30.16 | AA7: 378.9 | AB7: 0.3861 | AC7: 33.54 | AD7: 249.3 | AE7: 680.1 | AF7: 267.6 | AG7: 219.3 | AH7: 36.415 | AI7: 32.33 | AJ7: 519.2 | AK7: 150.6 | AL7: 25.765
A8: 45817 | B8: 7.94 | C8: 68.8 | D8: 15.869975 | E8: 227.95 | F8: 83.02 | G8: 125.25 | H8: 177.1 | I8: 58.08 | J8: 160.3 | K8: 56.13645 | L8: 37.97 | M8: 118.45 | N8: 46.8 | O8: 103.2 | P8: 3.628 | Q8: 26.745 | R8: 7.178 | S8: 43.44 | T8: 38.4 | U8: 474.85 | V8: 419.7 | W8: 8.718 | X8: 7.321 | Y8: 58.29 | Z8: 29.54 | AA8: 382.3 | AB8: 0.3837 | AC8: 32.84 | AD8: 251.4 | AE8: 684.5 | AF8: 265.7 | AG8: 219.05 | AH8: 36.985 | AI8: 32.41 | AJ8: 532.6 | AK8: 154.3 | AL8: 26.175
A9: 45818 | B9: 7.957 | C9: 67.8 | D9: 15.869975 | E9: 223.25 | F9: 85.56 | G9: 125.7 | H9: 179.75 | I9: 58.2 | J9: 160.5 | K9: 55.791753 | L9: 38.11 | M9: 119 | N9: 45.88 | O9: 102.8 | P9: 3.582 | Q9: 27.755 | R9: 7.44 | S9: 43.54 | T9: 38.38 | U9: 470.6 | V9: 427.5 | W9: 9.151 | X9: 7.222 | Y9: 56.78 | Z9: 29.59 | AA9: 378.3 | AB9: 0.3846 | AC9: 32.28 | AD9: 250 | AE9: 690.2 | AF9: 263.15 | AG9: 219.7 | AH9: 36.435 | AI9: 31.99 | AJ9: 536.6 | AK9: 153.55 | AL9: 26.47
A10: 45819 | B10: 7.972 | C10: 69 | D10: 15.997721 | E10: 221 | F10: 85.7 | G10: 126.15 | H10: 179.5 | I10: 58.36 | J10: 160.2 | K10: 56.33342 | L10: 38.22 | M10: 119.9 | N10: 45.64 | O10: 102.3 | P10: 3.598 | Q10: 27.82 | R10: 7.6 | S10: 43.3 | T10: 38.18 | U10: 468.85 | V10: 424.6 | W10: 9.028 | X10: 7.119 | Y10: 57.02 | Z10: 28.65 | AA10: 375.75 | AB10: 0.3883 | AC10: 31.07 | AD10: 246.7 | AE10: 676.6 | AF10: 261.15 | AG10: 217.35 | AH10: 35.565 | AI10: 32.1 | AJ10: 525.4 | AK10: 152.75 | AL10: 25.84
A11: 45820 | B11: 8.025 | C11: 67.2 | D11: 15.924022 | E11: 220.45 | F11: 84.82 | G11: 124.65 | H11: 176 | I11: 57.28 | J11: 158.2 | K11: 55.496298 | L11: 37.82 | M11: 118.2 | N11: 44.92 | O11: 100.2 | P11: 3.592 | Q11: 27.48 | R11: 7.398 | S11: 41.56 | T11: 37.94 | U11: 461.4 | V11: 413 | W11: 8.781 | X11: 7.105 | Y11: 56.98 | Z11: 28.5 | AA11: 371.05 | AB11: 0.3837 | AC11: 30.73 | AD11: 242 | AE11: 664.6 | AF11: 254.75 | AG11: 214.95 | AH11: 35.42 | AI11: 31.68 | AJ11: 519.4 | AK11: 150.4 | AL11: 25.59
A12: 45821 | B12: 7.982 | C12: 66.8 | D12: 15.948588 | E12: 221.95 | F12: 88.7 | G12: 125.25 | H12: 179.95 | I12: 55.8 | J12: 158.3 | K12: 55.693268 | L12: 38.05 | M12: 118.6 | N12: 44.04 | O12: 102.6 | P12: 3.498 | Q12: 27.575 | R12: 7.12 | S12: 42.06 | T12: 38.4 | U12: 467.35 | V12: 401.5 | W12: 8.483 | X12: 7.01 | Y12: 56.15 | Z12: 28.72 | AA12: 370.2 | AB12: 0.375 | AC12: 31.23 | AD12: 242.8 | AE12: 670.1 | AF12: 257.45 | AG12: 216 | AH12: 35.525 | AI12: 32.11 | AJ12: 522.6 | AK12: 153.2 | AL12: 25.585
A13: 45824 | B13: 7.985 | C13: 66.9 | D13: 15.963328 | E13: 221.9 | F13: 88.64 | G13: 124.3 | H13: 178.5 | I13: 57.64 | J13: 156.8 | K13: 55.102358 | L13: 37.53 | M13: 117.5 | N13: 45.26 | O13: 101.9 | P13: 3.458 | Q13: 27.16 | R13: 7 | S13: 41.78 | T13: 38.08 | U13: 460.7 | V13: 404.4 | W13: 8.539 | X13: 7.103 | Y13: 58.08 | Z13: 28.02 | AA13: 369 | AB13: 0.3864 | AC13: 30.57 | AD13: 240.5 | AE13: 666 | AF13: 256.05 | AG13: 214 | AH13: 34.935 | AI13: 31.67 | AJ13: 520.8 | AK13: 150.2 | AL13: 25.245
... A258: 46178 | B258: 9.638 | C258: 127.6 | D258: 19.85 | E258: 269.05 | F258: 158.02 | G258: 124.25 | H258: 179.25 | I258: 145.35 | J258: 496 | K258: 125.9 | L258: 50.16 | M258: 124.95 | N258: 44.3 | O258: 154.8 | P258: 2.428 | Q258: 36.16 | R258: 4.932 | S258: 40.4 | T258: 23.64 | U258: 479.05 | V258: 300.4 | W258: 6.22 | X258: 8.945 | Y258: 73.15 | Z258: 24.64 | AA258: 375.5 | AB258: 0.7354 | AC258: 27.66 | AD258: 174.05 | AE258: 1462.2 | AF258: 161.48 | AG258: 268.8 | AH258: 77.3 | AI258: 19.715 | AJ258: 867 | AK258: 101.8 | AL258: 62.82

Sheet Prices_giornalieri
A1: ENEL | B1: Grenergy | C1: Iberdrola | D1: Schneider Electric | E1: Siemens Energy | F1: Vinci | G1: Heidelberg Materials | H1: Prysmian Group | I1: Hochtief | J1: ACS | K1: Bouygues | L1: Eiffage | M1: Buzzi | N1: Nexans | O1: Webuild | P1: Bayer AG | Q1: Evotec SE | R1: KION | S1: Jungheinrich | T1: LVMH | U1: RACE - Ferrari | V1: Stellantis | W1: Banca Monte dei Paschi di Siena | X1: Unicredit | Y1: Zalando | Z1: L'oreal | AA1: Telecom | AB1: Deutsche Telekom | AC1: Essilor Luxottica | AD1: ASML Holding N.V. | AE1: SAP SE | AF1: Siemens AG | AG1: Infineon Technologies AG | AH1: Dassault Systèmes SE | AI1: ASM International N.V | AJ1: Capgemini SE | AK1: STMicroelectronics N.V.
A2: 8.085 | B2: 70.5 | C2: 15.801189 | D2: 219.7 | E2: 87.16 | F2: 127.8 | G2: 174.65 | H2: 56.6 | I2: 162.3 | J2: 57.367513 | K2: 38.45 | L2: 122.65 | M2: 45.22 | N2: 101.2 | O2: 3.59 | P2: 25.14 | Q2: 6.846 | R2: 41.5 | S2: 36.2 | T2: 477.2 | U2: 421.4 | V2: 8.965 | W2: 7.271 | X2: 56.56 | Y2: 32.32 | Z2: 371.05 | AA2: 0.3764 | AB2: 33.06 | AC2: 245.1 | AD2: 646.2 | AE2: 264.3 | AF2: 213.65 | AG2: 33.83 | AH2: 32.13 | AI2: 474.1 | AJ2: 145.25 | AK2: 21.69
A3: 8.076 | B3: 73.3 | C3: 15.643963 | D3: 221.7 | E3: 88.92 | F3: 127.5 | G3: 172.15 | H3: 56.6 | I3: 161.7 | J3: 57.170543 | K3: 38.32 | L3: 122.4 | M3: 44.68 | N3: 100.7 | O3: 3.58 | P3: 24.96 | Q3: 7.026 | R3: 42.14 | S3: 36.58 | T3: 473.6 | U3: 416.8 | V3: 8.52 | W3: 7.286 | X3: 56.68 | Y3: 31.08 | Z3: 374.7 | AA3: 0.3789 | AB3: 33.36 | AC3: 244.7 | AD3: 653.1 | AE3: 269.55 | AF3: 214.05 | AG3: 34.36 | AH3: 32.43 | AI3: 487.1 | AJ3: 146 | AK3: 22.425
A4: 8.067 | B4: 74.2 | C4: 15.648876 | D4: 225.05 | E4: 88.52 | F4: 127.25 | G4: 174.55 | H4: 57.58 | I4: 163.5 | J4: 56.875088 | K4: 37.93 | L4: 121.05 | M4: 44.68 | N4: 101.6 | O4: 3.578 | P4: 25.32 | Q4: 7.144 | R4: 43.48 | S4: 38.16 | T4: 476.65 | U4: 419 | V4: 8.74 | W4: 7.287 | X4: 57.24 | Y4: 30.76 | Z4: 384.85 | AA4: 0.3763 | AB4: 33.68 | AC4: 243.9 | AD4: 652.4 | AE4: 271.3 | AF4: 218.05 | AG4: 35.805 | AH4: 32.95 | AI4: 490 | AJ4: 147.25 | AK4: 24.92
A5: 8.077 | B5: 72.4 | C5: 15.693096 | D5: 226.1 | E5: 88.44 | F5: 126.9 | G5: 180 | H5: 58.84 | I5: 167.8 | J5: 57.810695 | K5: 38.35 | L5: 122.1 | M5: 45.2 | N5: 102.8 | O5: 3.578 | P5: 26.43 | Q5: 6.994 | R5: 43.68 | S5: 38.26 | T5: 470.1 | U5: 420.8 | V5: 8.678 | W5: 7.043 | X5: 56.55 | Y5: 30.56 | Z5: 382.25 | AA5: 0.3793 | AB5: 33.98 | AC5: 245.5 | AD5: 659 | AE5: 270.95 | AF5: 219.25 | AG5: 35.725 | AH5: 32.75 | AI5: 495 | AJ5: 147.45 | AK5: 25.19
A6: 8.013 | B6: 71.6 | C6: 15.732403 | D6: 227.65 | E6: 88.68 | F6: 126.6 | G6: 179.95 | H6: 58.28 | I6: 164.6 | J6: 56.678118 | K6: 38.08 | L6: 120 | M6: 46.48 | N6: 102.3 | O6: 3.602 | P6: 26.435 | Q6: 7.06 | R6: 44.22 | S6: 38.5 | T6: 471.25 | U6: 422 | V6: 8.585 | W6: 7.267 | X6: 57.81 | Y6: 30.22 | Z6: 381.35 | AA6: 0.3832 | AB6: 33.83 | AC6: 248.3 | AD6: 667.6 | AE6: 272.35 | AF6: 218.8 | AG6: 35.9 | AH6: 32.34 | AI6: 505.4 | AJ6: 150.5 | AK6: 25.05
A7: 8.03 | B7: 71 | C7: 15.722576 | D7: 225.3 | E7: 86.14 | F7: 125.85 | G7: 180.45 | H7: 58.58 | I7: 164.1 | J7: 56.481148 | K7: 38.06 | L7: 119.9 | M7: 46.62 | N7: 102.4 | O7: 3.618 | P7: 26.485 | Q7: 7.158 | R7: 43.9 | S7: 38.68 | T7: 471.55 | U7: 424.7 | V7: 8.673 | W7: 7.299 | X7: 58.2 | Y7: 30.16 | Z7: 378.9 | AA7: 0.3861 | AB7: 33.54 | AC7: 249.3 | AD7: 680.1 | AE7: 267.6 | AF7: 219.3 | AG7: 36.415 | AH7: 32.33 | AI7: 519.2 | AJ7: 150.6 | AK7: 25.765
A8: 7.94 | B8: 68.8 | C8: 15.869975 | D8: 227.95 | E8: 83.02 | F8: 125.25 | G8: 177.1 | H8: 58.08 | I8: 160.3 | J8: 56.13645 | K8: 37.97 | L8: 118.45 | M8: 46.8 | N8: 103.2 | O8: 3.628 | P8: 26.745 | Q8: 7.178 | R8: 43.44 | S8: 38.4 | T8: 474.85 | U8: 419.7 | V8: 8.718 | W8: 7.321 | X8: 58.29 | Y8: 29.54 | Z8: 382.3 | AA8: 0.3837 | AB8: 32.84 | AC8: 251.4 | AD8: 684.5 | AE8: 265.7 | AF8: 219.05 | AG8: 36.985 | AH8: 32.41 | AI8: 532.6 | AJ8: 154.3 | AK8: 26.175
A9: 7.957 | B9: 67.8 | C9: 15.869975 | D9: 223.25 | E9: 85.56 | F9: 125.7 | G9: 179.75 | H9: 58.2 | I9: 160.5 | J9: 55.791753 | K9: 38.11 | L9: 119 | M9: 45.88 | N9: 102.8 | O9: 3.582 | P9: 27.755 | Q9: 7.44 | R9: 43.54 | S9: 38.38 | T9: 470.6 | U9: 427.5 | V9: 9.151 | W9: 7.222 | X9: 56.78 | Y9: 29.59 | Z9: 378.3 | AA9: 0.3846 | AB9: 32.28 | AC9: 250 | AD9: 690.2 | AE9: 263.15 | AF9: 219.7 | AG9: 36.435 | AH9: 31.99 | AI9: 536.6 | AJ9: 153.55 | AK9: 26.47
A10: 7.972 | B10: 69 | C10: 15.997721 | D10: 221 | E10: 85.7 | F10: 126.15 | G10: 179.5 | H10: 58.36 | I10: 160.2 | J10: 56.33342 | K10: 38.22 | L10: 119.9 | M10: 45.64 | N10: 102.3 | O10: 3.598 | P10: 27.82 | Q10: 7.6 | R10: 43.3 | S10: 38.18 | T10: 468.85 | U10: 424.6 | V10: 9.028 | W10: 7.119 | X10: 57.02 | Y10: 28.65 | Z10: 375.75 | AA10: 0.3883 | AB10: 31.07 | AC10: 246.7 | AD10: 676.6 | AE10: 261.15 | AF10: 217.35 | AG10: 35.565 | AH10: 32.1 | AI10: 525.4 | AJ10: 152.75 | AK10: 25.84
A11: 8.025 | B11: 67.2 | C11: 15.924022 | D11: 220.45 | E11: 84.82 | F11: 124.65 | G11: 176 | H11: 57.28 | I11: 158.2 | J11: 55.496298 | K11: 37.82 | L11: 118.2 | M11: 44.92 | N11: 100.2 | O11: 3.592 | P11: 27.48 | Q11: 7.398 | R11: 41.56 | S11: 37.94 | T11: 461.4 | U11: 413 | V11: 8.781 | W11: 7.105 | X11: 56.98 | Y11: 28.5 | Z11: 371.05 | AA11: 0.3837 | AB11: 30.73 | AC11: 242 | AD11: 664.6 | AE11: 254.75 | AF11: 214.95 | AG11: 35.42 | AH11: 31.68 | AI11: 519.4 | AJ11: 150.4 | AK11: 25.59
A12: 7.982 | B12: 66.8 | C12: 15.948588 | D12: 221.95 | E12: 88.7 | F12: 125.25 | G12: 179.95 | H12: 55.8 | I12: 158.3 | J12: 55.693268 | K12: 38.05 | L12: 118.6 | M12: 44.04 | N12: 102.6 | O12: 3.498 | P12: 27.575 | Q12: 7.12 | R12: 42.06 | S12: 38.4 | T12: 467.35 | U12: 401.5 | V12: 8.483 | W12: 7.01 | X12: 56.15 | Y12: 28.72 | Z12: 370.2 | AA12: 0.375 | AB12: 31.23 | AC12: 242.8 | AD12: 670.1 | AE12: 257.45 | AF12: 216 | AG12: 35.525 | AH12: 32.11 | AI12: 522.6 | AJ12: 153.2 | AK12: 25.585
A13: 7.985 | B13: 66.9 | C13: 15.963328 | D13: 221.9 | E13: 88.64 | F13: 124.3 | G13: 178.5 | H13: 57.64 | I13: 156.8 | J13: 55.102358 | K13: 37.53 | L13: 117.5 | M13: 45.26 | N13: 101.9 | O13: 3.458 | P13: 27.16 | Q13: 7 | R13: 41.78 | S13: 38.08 | T13: 460.7 | U13: 404.4 | V13: 8.539 | W13: 7.103 | X13: 58.08 | Y13: 28.02 | Z13: 369 | AA13: 0.3864 | AB13: 30.57 | AC13: 240.5 | AD13: 666 | AE13: 256.05 | AF13: 214 | AG13: 34.935 | AH13: 31.67 | AI13: 520.8 | AJ13: 150.2 | AK13: 25.245
... A146: 8.738 | B146: 83.5 | C146: 18.21 | D146: 235.85 | E146: 120.15 | F146: 119.8 | G146: 219.7 | H146: 85.22 | I146: 337 | J146: 84.9 | K146: 44.56 | L146: 121.5 | M146: 52.7 | N146: 122.5 | O146: 3.472 | P146: 35.88 | Q146: 5.17 | R146: 66.65 | S146: 35 | T146: 631.7 | U146: 322.8 | V146: 9.905 | W146: 8.934 | X146: 70.46 | Y146: 24.98 | Z146: 371 | AA146: 0.502 | AB146: 27.38 | AC146: 274.8 | AD146: 901.6 | AE146: 208.8 | AF146: 236 | AG146: 35.81 | AH146: 23.7 | AI146: 509.4 | AJ146: 145.6 | AK146: 22.18
A147: =Foglio3!B147 -> 8.703 | B147: =Foglio3!C147 -> 83.9 | C147: =Foglio3!D147 -> 18.075 | D147: =Foglio3!E147 -> 236.55 | E147: =Foglio3!F147 -> 119.25 | F147: =Foglio3!G147 -> 119.9 | G147: =Foglio3!H147 -> 219.7 | H147: =Foglio3!I147 -> 85.86 | ... AK147: =Foglio3!AL147 -> 22.13
A148: =Foglio3!B148 -> 8.769 | B148: =Foglio3!C148 -> 85.1 | C148: =Foglio3!D148 -> 18.23 | D148: =Foglio3!E148 -> 235.95 | E148: =Foglio3!F148 -> 120.75 | F148: =Foglio3!G148 -> 119.8 | G148: =Foglio3!H148 -> 221.7 | H148: =Foglio3!I148 -> 85.94 | ... AK148: =Foglio3!AL148 -> 22.105
A149: =Foglio3!B149 -> 8.814 | B149: =Foglio3!C149 -> 85.3 | C149: =Foglio3!D149 -> 18.33 | D149: =Foglio3!E149 -> 236.3 | E149: =Foglio3!F149 -> 120.6 | F149: =Foglio3!G149 -> 119.9 | G149: =Foglio3!H149 -> 221.8 | H149: =Foglio3!I149 -> 85.78 | ... AK149: =Foglio3!AL149 -> 22.15
A150: =Foglio3!B150 -> 8.877 | B150: =Foglio3!C150 -> 86.3 | C150: =Foglio3!D150 -> 18.455 | D150: =Foglio3!E150 -> 235.95 | E150: =Foglio3!F150 -> 120.4 | F150: =Foglio3!G150 -> 120.45 | G150: =Foglio3!H150 -> 223 | H150: =Foglio3!I150 -> 86.38 | ... AK150: =Foglio3!AL150 -> 22.455
A151: =Foglio3!B151 -> 9 | B151: =Foglio3!C151 -> 84.7 | C151: =Foglio3!D151 -> 18.63 | D151: =Foglio3!E151 -> 237.05 | E151: =Foglio3!F151 -> 122.8 | F151: =Foglio3!G151 -> 121.15 | G151: =Foglio3!H151 -> 221.9 | H151: =Foglio3!I151 -> 89.88 | ... AK151: =Foglio3!AL151 -> 23.44
A152: =Foglio3!B152 -> 9.065 | B152: =Foglio3!C152 -> 84.4 | C152: =Foglio3!D152 -> 18.62 | D152: =Foglio3!E152 -> 240.95 | E152: =Foglio3!F152 -> 127.55 | F152: =Foglio3!G152 -> 121.3 | G152: =Foglio3!H152 -> 221.7 | H152: =Foglio3!I152 -> 91.54 | ... AK152: =Foglio3!AL152 -> 23.75
A153: =Foglio3!B153 -> 9.2 | B153: =Foglio3!C153 -> 82.2 | C153: =Foglio3!D153 -> 18.75 | D153: =Foglio3!E153 -> 240.65 | E153: =Foglio3!F153 -> 127.3 | F153: =Foglio3!G153 -> 120.4 | G153: =Foglio3!H153 -> 223 | H153: =Foglio3!I153 -> 90.8 | ... AK153: =Foglio3!AL153 -> 25.015
A154: =Foglio3!B154 -> 9.27 | B154: =Foglio3!C154 -> 84.8 | C154: =Foglio3!D154 -> 18.995 | D154: =Foglio3!E154 -> 244.45 | E154: =Foglio3!F154 -> 129.4 | F154: =Foglio3!G154 -> 124.25 | G154: =Foglio3!H154 -> 229.5 | H154: =Foglio3!I154 -> 91.42 | ... AK154: =Foglio3!AL154 -> 24.695
A155: =Foglio3!B155 -> 9.271 | B155: =Foglio3!C155 -> 85.3 | C155: =Foglio3!D155 -> 18.94 | D155: =Foglio3!E155 -> 234.4 | E155: =Foglio3!F155 -> 123.45 | F155: =Foglio3!G155 -> 123.75 | G155: =Foglio3!H155 -> 231.5 | H155: =Foglio3!I155 -> 87.48 | ... AK155: =Foglio3!AL155 -> 24.005
A156: =Foglio3!B156 -> 9.252 | B156: =Foglio3!C156 -> 85.5 | C156: =Foglio3!D156 -> 18.9 | D156: =Foglio3!E156 -> 235.45 | E156: =Foglio3!F156 -> 125.85 | F156: =Foglio3!G156 -> 121 | G156: =Foglio3!H156 -> 230.9 | H156: =Foglio3!I156 -> 87.28 | ... AK156: =Foglio3!AL156 -> 24.695
A157: =Foglio3!B157 -> 9.273 | B157: =Foglio3!C157 -> 84.4 | C157: =Foglio3!D157 -> 18.395 | D157: =Foglio3!E157 -> 236.8 | E157: =Foglio3!F157 -> 128.2 | F157: =Foglio3!G157 -> 122.05 | G157: =Foglio3!H157 -> 234.1 | H157: =Foglio3!I157 -> 85.78 | ... AK157: =Foglio3!AL157 -> 24.33
A158: =Foglio3!B158 -> 9.17 | B158: =Foglio3!C158 -> 91.6 | C158: =Foglio3!D158 -> 18.25 | D158: =Foglio3!E158 -> 238.45 | E158: =Foglio3!F158 -> 130.35 | F158: =Foglio3!G158 -> 116.55 | G158: =Foglio3!H158 -> 229 | H158: =Foglio3!I158 -> 86.28 | ... AK158: =Foglio3!AL158 -> 24.73
... A258: =Foglio3!B258 -> 9.638 | B258: =Foglio3!C258 -> 127.6 | C258: =Foglio3!D258 -> 19.85 | D258: =Foglio3!E258 -> 269.05 | E258: =Foglio3!F258 -> 158.02 | F258: =Foglio3!G258 -> 124.25 | G258: =Foglio3!H258 -> 179.25 | H258: =Foglio3!I258 -> 145.35 | ... AK258: =Foglio3!AL258 -> 62.82

Sheet Returns_giornalieri
A1: ENEL | B1: Grenergy | C1: Iberdrola | D1: Schneider Electric | E1: Siemens Energy | F1: Vinci | G1: Heidelberg Materials | H1: Prysmian Group | I1: Hochtief | J1: ACS | K1: Bouygues | L1: Eiffage | M1: Buzzi | N1: Nexans | O1: Webuild | P1: Bayer AG | Q1: Evotec SE | R1: KION | S1: Jungheinrich | T1: LVMH | U1: RACE - Ferrari | V1: Stellantis | W1: Banca Monte dei Paschi di Siena | X1: Unicredit | Y1: Zalando | Z1: L'oreal | AA1: Telecom | AB1: Deutsche Telekom | AC1: Essilor Luxottica | AD1: ASML Holding N.V. | AE1: SAP SE | AF1: Siemens AG | AG1: Infineon Technologies AG | AH1: Dassault Systèmes SE | AI1: ASM International N.V | AJ1: Capgemini SE | AK1: STMicroelectronics N.V.
A2: =(Prices_giornalieri!A3-Prices_giornalieri!A2)/Prices_giornalieri!A2 -> -0.0011131725 | B2: =(Prices_giornalieri!B3-Prices_giornalieri!B2)/Prices_giornalieri!B2 -> 0.039716312 | C2: =(Prices_giornalieri!C3-Prices_giornalieri!C2)/Prices_giornalieri!C2 -> -0.0099502639 | D2: =(Prices_giornalieri!D3-Prices_giornalieri!D2)/Prices_giornalieri!D2 -> 0.0091033227 | E2: =(Prices_giornalieri!E3-Prices_giornalieri!E2)/Prices_giornalieri!E2 -> 0.020192749 | F2: =(Prices_giornalieri!F3-Prices_giornalieri!F2)/Prices_giornalieri!F2 -> -0.0023474178 | G2: =(Prices_giornalieri!G3-Prices_giornalieri!G2)/Prices_giornalieri!G2 -> -0.014314343 | H2: =(Prices_giornalieri!H3-Prices_giornalieri!H2)/Prices_giornalieri!H2 -> 0 | ... AK2: =(Prices_giornalieri!AK3-Prices_giornalieri!AK2)/Prices_giornalieri!AK2 -> 0.033886584
A3: =(Prices_giornalieri!A4-Prices_giornalieri!A3)/Prices_giornalieri!A3 -> -0.0011144131 | B3: =(Prices_giornalieri!B4-Prices_giornalieri!B3)/Prices_giornalieri!B3 -> 0.012278308 | C3: =(Prices_giornalieri!C4-Prices_giornalieri!C3)/Prices_giornalieri!C3 -> 0.00031405086 | D3: =(Prices_giornalieri!D4-Prices_giornalieri!D3)/Prices_giornalieri!D3 -> 0.01511051 | E3: =(Prices_giornalieri!E4-Prices_giornalieri!E3)/Prices_giornalieri!E3 -> -0.0044984256 | F3: =(Prices_giornalieri!F4-Prices_giornalieri!F3)/Prices_giornalieri!F3 -> -0.0019607843 | G3: =(Prices_giornalieri!G4-Prices_giornalieri!G3)/Prices_giornalieri!G3 -> 0.01394133 | H3: =(Prices_giornalieri!H4-Prices_giornalieri!H3)/Prices_giornalieri!H3 -> 0.017314488 | ... AK3: =(Prices_giornalieri!AK4-Prices_giornalieri!AK3)/Prices_giornalieri!AK3 -> 0.11125975
A4: =(Prices_giornalieri!A5-Prices_giornalieri!A4)/Prices_giornalieri!A4 -> 0.0012396182 | B4: =(Prices_giornalieri!B5-Prices_giornalieri!B4)/Prices_giornalieri!B4 -> -0.02425876 | C4: =(Prices_giornalieri!C5-Prices_giornalieri!C4)/Prices_giornalieri!C4 -> 0.0028257621 | D4: =(Prices_giornalieri!D5-Prices_giornalieri!D4)/Prices_giornalieri!D4 -> 0.0046656299 | E4: =(Prices_giornalieri!E5-Prices_giornalieri!E4)/Prices_giornalieri!E4 -> -0.00090375056 | F4: =(Prices_giornalieri!F5-Prices_giornalieri!F4)/Prices_giornalieri!F4 -> -0.0027504912 | G4: =(Prices_giornalieri!G5-Prices_giornalieri!G4)/Prices_giornalieri!G4 -> 0.031223145 | H4: =(Prices_giornalieri!H5-Prices_giornalieri!H4)/Prices_giornalieri!H4 -> 0.021882598 | ... AK4: =(Prices_giornalieri!AK5-Prices_giornalieri!AK4)/Prices_giornalieri!AK4 -> 0.010834671
A5: =(Prices_giornalieri!A6-Prices_giornalieri!A5)/Prices_giornalieri!A5 -> -0.0079237341 | B5: =(Prices_giornalieri!B6-Prices_giornalieri!B5)/Prices_giornalieri!B5 -> -0.011049724 | C5: =(Prices_giornalieri!C6-Prices_giornalieri!C5)/Prices_giornalieri!C5 -> 0.002504732 | D5: =(Prices_giornalieri!D6-Prices_giornalieri!D5)/Prices_giornalieri!D5 -> 0.0068553737 | E5: =(Prices_giornalieri!E6-Prices_giornalieri!E5)/Prices_giornalieri!E5 -> 0.0027137042 | F5: =(Prices_giornalieri!F6-Prices_giornalieri!F5)/Prices_giornalieri!F5 -> -0.0023640662 | G5: =(Prices_giornalieri!G6-Prices_giornalieri!G5)/Prices_giornalieri!G5 -> -0.00027777778 | H5: =(Prices_giornalieri!H6-Prices_giornalieri!H5)/Prices_giornalieri!H5 -> -0.0095173351 | ... AK5: =(Prices_giornalieri!AK6-Prices_giornalieri!AK5)/Prices_giornalieri!AK5 -> -0.005557761
A6: =(Prices_giornalieri!A7-Prices_giornalieri!A6)/Prices_giornalieri!A6 -> 0.0021215525 | B6: =(Prices_giornalieri!B7-Prices_giornalieri!B6)/Prices_giornalieri!B6 -> -0.0083798883 | C6: =(Prices_giornalieri!C7-Prices_giornalieri!C6)/Prices_giornalieri!C6 -> -0.00062463439 | D6: =(Prices_giornalieri!D7-Prices_giornalieri!D6)/Prices_giornalieri!D6 -> -0.010322864 | E6: =(Prices_giornalieri!E7-Prices_giornalieri!E6)/Prices_giornalieri!E6 -> -0.028642309 | F6: =(Prices_giornalieri!F7-Prices_giornalieri!F6)/Prices_giornalieri!F6 -> -0.0059241706 | G6: =(Prices_giornalieri!G7-Prices_giornalieri!G6)/Prices_giornalieri!G6 -> 0.0027785496 | H6: =(Prices_giornalieri!H7-Prices_giornalieri!H6)/Prices_giornalieri!H6 -> 0.0051475635 | ... AK6: =(Prices_giornalieri!AK7-Prices_giornalieri!AK6)/Prices_giornalieri!AK6 -> 0.028542914
A7: =(Prices_giornalieri!A8-Prices_giornalieri!A7)/Prices_giornalieri!A7 -> -0.01120797 | B7: =(Prices_giornalieri!B8-Prices_giornalieri!B7)/Prices_giornalieri!B7 -> -0.030985915 | C7: =(Prices_giornalieri!C8-Prices_giornalieri!C7)/Prices_giornalieri!C7 -> 0.0093749905 | D7: =(Prices_giornalieri!D8-Prices_giornalieri!D7)/Prices_giornalieri!D7 -> 0.011762095 | E7: =(Prices_giornalieri!E8-Prices_giornalieri!E7)/Prices_giornalieri!E7 -> -0.036220107 | F7: =(Prices_giornalieri!F8-Prices_giornalieri!F7)/Prices_giornalieri!F7 -> -0.0047675805 | G7: =(Prices_giornalieri!G8-Prices_giornalieri!G7)/Prices_giornalieri!G7 -> -0.018564699 | H7: =(Prices_giornalieri!H8-Prices_giornalieri!H7)/Prices_giornalieri!H7 -> -0.0085353363 | ... AK7: =(Prices_giornalieri!AK8-Prices_giornalieri!AK7)/Prices_giornalieri!AK7 -> 0.01591306
A8: =(Prices_giornalieri!A9-Prices_giornalieri!A8)/Prices_giornalieri!A8 -> 0.0021410579 | B8: =(Prices_giornalieri!B9-Prices_giornalieri!B8)/Prices_giornalieri!B8 -> -0.014534884 | C8: =(Prices_giornalieri!C9-Prices_giornalieri!C8)/Prices_giornalieri!C8 -> 0 | D8: =(Prices_giornalieri!D9-Prices_giornalieri!D8)/Prices_giornalieri!D8 -> -0.020618557 | E8: =(Prices_giornalieri!E9-Prices_giornalieri!E8)/Prices_giornalieri!E8 -> 0.030595037 | F8: =(Prices_giornalieri!F9-Prices_giornalieri!F8)/Prices_giornalieri!F8 -> 0.0035928144 | G8: =(Prices_giornalieri!G9-Prices_giornalieri!G8)/Prices_giornalieri!G8 -> 0.014963298 | H8: =(Prices_giornalieri!H9-Prices_giornalieri!H8)/Prices_giornalieri!H8 -> 0.0020661157 | ... AK8: =(Prices_giornalieri!AK9-Prices_giornalieri!AK8)/Prices_giornalieri!AK8 -> 0.011270296
A9: =(Prices_giornalieri!A10-Prices_giornalieri!A9)/Prices_giornalieri!A9 -> 0.0018851326 | B9: =(Prices_giornalieri!B10-Prices_giornalieri!B9)/Prices_giornalieri!B9 -> 0.017699115 | C9: =(Prices_giornalieri!C10-Prices_giornalieri!C9)/Prices_giornalieri!C9 -> 0.0080495401 | D9: =(Prices_giornalieri!D10-Prices_giornalieri!D9)/Prices_giornalieri!D9 -> -0.010078387 | E9: =(Prices_giornalieri!E10-Prices_giornalieri!E9)/Prices_giornalieri!E9 -> 0.0016362786 | F9: =(Prices_giornalieri!F10-Prices_giornalieri!F9)/Prices_giornalieri!F9 -> 0.0035799523 | G9: =(Prices_giornalieri!G10-Prices_giornalieri!G9)/Prices_giornalieri!G9 -> -0.0013908206 | H9: =(Prices_giornalieri!H10-Prices_giornalieri!H9)/Prices_giornalieri!H9 -> 0.0027491409 | ... AK9: =(Prices_giornalieri!AK10-Prices_giornalieri!AK9)/Prices_giornalieri!AK9 -> -0.023800529
A10: =(Prices_giornalieri!A11-Prices_giornalieri!A10)/Prices_giornalieri!A10 -> 0.0066482689 | B10: =(Prices_giornalieri!B11-Prices_giornalieri!B10)/Prices_giornalieri!B10 -> -0.026086957 | C10: =(Prices_giornalieri!C11-Prices_giornalieri!C10)/Prices_giornalieri!C10 -> -0.0046068437 | D10: =(Prices_giornalieri!D11-Prices_giornalieri!D10)/Prices_giornalieri!D10 -> -0.0024886878 | E10: =(Prices_giornalieri!E11-Prices_giornalieri!E10)/Prices_giornalieri!E10 -> -0.010268378 | F10: =(Prices_giornalieri!F11-Prices_giornalieri!F10)/Prices_giornalieri!F10 -> -0.011890606 | G10: =(Prices_giornalieri!G11-Prices_giornalieri!G10)/Prices_giornalieri!G10 -> -0.019498607 | H10: =(Prices_giornalieri!H11-Prices_giornalieri!H10)/Prices_giornalieri!H10 -> -0.018505826 | ... AK10: =(Prices_giornalieri!AK11-Prices_giornalieri!AK10)/Prices_giornalieri!AK10 -> -0.0096749226
A11: =(Prices_giornalieri!A12-Prices_giornalieri!A11)/Prices_giornalieri!A11 -> -0.0053582555 | B11: =(Prices_giornalieri!B12-Prices_giornalieri!B11)/Prices_giornalieri!B11 -> -0.005952381 | C11: =(Prices_giornalieri!C12-Prices_giornalieri!C11)/Prices_giornalieri!C11 -> 0.0015427007 | D11: =(Prices_giornalieri!D12-Prices_giornalieri!D11)/Prices_giornalieri!D11 -> 0.006804264 | E11: =(Prices_giornalieri!E12-Prices_giornalieri!E11)/Prices_giornalieri!E11 -> 0.045743928 | F11: =(Prices_giornalieri!F12-Prices_giornalieri!F11)/Prices_giornalieri!F11 -> 0.0048134777 | G11: =(Prices_giornalieri!G12-Prices_giornalieri!G11)/Prices_giornalieri!G11 -> 0.022443182 | H11: =(Prices_giornalieri!H12-Prices_giornalieri!H11)/Prices_giornalieri!H11 -> -0.025837989 | ... AK11: =(Prices_giornalieri!AK12-Prices_giornalieri!AK11)/Prices_giornalieri!AK11 -> -0.00019538882
A12: =(Prices_giornalieri!A13-Prices_giornalieri!A12)/Prices_giornalieri!A12 -> 0.00037584565 | B12: =(Prices_giornalieri!B13-Prices_giornalieri!B12)/Prices_giornalieri!B12 -> 0.001497006 | C12: =(Prices_giornalieri!C13-Prices_giornalieri!C12)/Prices_giornalieri!C12 -> 0.00092421975 | D12: =(Prices_giornalieri!D13-Prices_giornalieri!D12)/Prices_giornalieri!D12 -> -0.00022527596 | E12: =(Prices_giornalieri!E13-Prices_giornalieri!E12)/Prices_giornalieri!E12 -> -0.00067643743 | F12: =(Prices_giornalieri!F13-Prices_giornalieri!F12)/Prices_giornalieri!F12 -> -0.0075848303 | G12: =(Prices_giornalieri!G13-Prices_giornalieri!G12)/Prices_giornalieri!G12 -> -0.0080577938 | H12: =(Prices_giornalieri!H13-Prices_giornalieri!H12)/Prices_giornalieri!H12 -> 0.03297491 | ... AK12: =(Prices_giornalieri!AK13-Prices_giornalieri!AK12)/Prices_giornalieri!AK12 -> -0.013289037
A13: =(Prices_giornalieri!A14-Prices_giornalieri!A13)/Prices_giornalieri!A13 -> -0.0021289919 | B13: =(Prices_giornalieri!B14-Prices_giornalieri!B13)/Prices_giornalieri!B13 -> -0.10463378 | C13: =(Prices_giornalieri!C14-Prices_giornalieri!C13)/Prices_giornalieri!C13 -> -0.003077867 | D13: =(Prices_giornalieri!D14-Prices_giornalieri!D13)/Prices_giornalieri!D13 -> -0.019603425 | E13: =(Prices_giornalieri!E14-Prices_giornalieri!E13)/Prices_giornalieri!E13 -> -0.0092509025 | F13: =(Prices_giornalieri!F14-Prices_giornalieri!F13)/Prices_giornalieri!F13 -> -0.0036202735 | G13: =(Prices_giornalieri!G14-Prices_giornalieri!G13)/Prices_giornalieri!G13 -> -0.0019607843 | H13: =(Prices_giornalieri!H14-Prices_giornalieri!H13)/Prices_giornalieri!H13 -> -0.019083969 | ... AK13: =(Prices_giornalieri!AK14-Prices_giornalieri!AK13)/Prices_giornalieri!AK13 -> 0.0053475936
... A257: =(Prices_giornalieri!A258-Prices_giornalieri!A257)/Prices_giornalieri!A257 -> 0.0074213442 | B257: =(Prices_giornalieri!B258-Prices_giornalieri!B257)/Prices_giornalieri!B257 -> 0.019169329 | C257: =(Prices_giornalieri!C258-Prices_giornalieri!C257)/Prices_giornalieri!C257 -> 0.014826176 | D257: =(Prices_giornalieri!D258-Prices_giornalieri!D257)/Prices_giornalieri!D257 -> -0.045414227 | E257: =(Prices_giornalieri!E258-Prices_giornalieri!E257)/Prices_giornalieri!E257 -> -0.0091547529 | F257: =(Prices_giornalieri!F258-Prices_giornalieri!F257)/Prices_giornalieri!F257 -> 0.0056657224 | G257: =(Prices_giornalieri!G258-Prices_giornalieri!G257)/Prices_giornalieri!G257 -> 0.00027901786 | H257: =(Prices_giornalieri!H258-Prices_giornalieri!H257)/Prices_giornalieri!H257 -> -0.034860558 | ... AK257: =(Prices_giornalieri!AK258-Prices_giornalieri!AK257)/Prices_giornalieri!AK257 -> -0.058453237
