Workbook
Name chartTableData: #REF!
Name chartTableHeader: #REF!
Name chartTableName: #REF!
Name chartTableTotal: #REF!
Name CLS: #REF!
Name DAT: #REF!
Name filterValues: #REF!
Name FLOW: #REF!
Name HIG: #REF!
Name LOW: #REF!
Name NET: #REF!
Name OPN: #REF!
Name PCC: #REF!
Name phTableData: #REF!
Name phTableHeader: #REF!
Name phTableName: #REF!
Name sheetHeader: #REF!
Name statPriceChangeTableData: #REF!
Name statPriceChangeTableHeader: #REF!
Name statPriceTableData: #REF!
Name statPriceTableHeader: #REF!
Name statTableName: #REF!
Name statTurnoverTableData: #REF!
Name statTurnoverTableHeader: #REF!
Name statUpDownTableData: #REF!
Name statUpDownTableHeader: #REF!
Name statVolumeTableData: #REF!
Name statVolumeTableHeader: #REF!
Name TRNOVR_UNS: #REF!
Name VOL: #REF!

Sheet Eurostoxx_daily
A1: Data | B1: Ultimo
A2: 45807 | B2: 5366.59
A3: 45810 | B3: 5355.56
A4: 45811 | B4: 5375.7
A5: 45812 | B5: 5405.15
A6: 45813 | B6: 5410.55
A7: 45814 | B7: 5430.17
A8: 45817 | B8: 5421.52
A9: 45818 | B9: 5415.38
A10: 45819 | B10: 5393.15
A11: 45820 | B11: 5360.82
A12: 45821 | B12: 5290.47
A13: 45824 | B13: 5339.57
... A261: 46178 | B261: 6062.07

Sheet Rendimenti
A1: Rendimenti
A2: =LN(Eurostoxx_daily!B3/Eurostoxx_daily!B2) -> -0.0020574239
A3: =LN(Eurostoxx_daily!B4/Eurostoxx_daily!B3) -> 0.0037535245
A4: =LN(Eurostoxx_daily!B5/Eurostoxx_daily!B4) -> 0.0054634047
A5: =LN(Eurostoxx_daily!B6/Eurostoxx_daily!B5) -> 0.00099854849
A6: =LN(Eurostoxx_daily!B7/Eurostoxx_daily!B6) -> 0.0036196897
A7: =LN(Eurostoxx_daily!B8/Eurostoxx_daily!B7) -> -0.0015942221
A8: =LN(Eurostoxx_daily!B9/Eurostoxx_daily!B8) -> -0.0011331655
A9: =LN(Eurostoxx_daily!B10/Eurostoxx_daily!B9) -> -0.0041134236
A10: =LN(Eurostoxx_daily!B11/Eurostoxx_daily!B10) -> -0.0060126813
A11: =LN(Eurostoxx_daily!B12/Eurostoxx_daily!B11) -> -0.01320986
A12: =LN(Eurostoxx_daily!B13/Eurostoxx_daily!B12) -> 0.0092380366
A13: =LN(Eurostoxx_daily!B14/Eurostoxx_daily!B13) -> -0.0095764381
... A260: =LN(Eurostoxx_daily!B261/Eurostoxx_daily!B260) -> -0.006783198

Sheet Best benchmark
A1: Date | B1: best_benchmark
A2: 46006 | B2: 1.2794339
A3: 46007 | B3: -0.36318529
A4: 46008 | B4: -0.41015456
A5: 46009 | B5: 1.1646713
A6: 46010 | B6: 0.10861085
A7: 46011 | B7: 0
A8: 46012 | B8: 0
A9: 46013 | B9: 0.12578656
A10: 46014 | B10: 0.046067268
A11: 46015 | B11: 0.085938028
A12: 46016 | B12: 0
A13: 46017 | B13: 0
... A175: 46179 | B175: 0
